user,item,label_pref
S3657,J0036,1
S3657,J0004,0
S3657,J0007,0
S3657,J0011,0
S3657,J0012,0
S3657,J0014,0
S3657,J0015,0
S3657,J0016,0
S3657,J0017,0
S3657,J0018,0
S3657,J0019,0
S3657,J0022,0
S3657,J0023,0
S3657,J0025,0
S3657,J0026,0
S3657,J0027,0
S3657,J0028,0
S3657,J0029,0
S3657,J0030,0
S3657,J0031,0
S3657,J0032,0
S3657,J0035,0
S3657,J0041,0
S3657,J0044,0
S3657,J0046,0
S3657,J0047,0
S3657,J0048,0
S3657,J0051,0
S3657,J0052,0
S3657,J0053,0
S3657,J0054,0
S3657,J0055,0
S3657,J0056,0
S3657,J0059,0
S3657,J0060,0
S3657,J0061,0
S3657,J0062,0
S3657,J0063,0
S3657,J0064,0
S3657,J0065,0
S3657,J0067,0
S3657,J0069,0
S3657,J0070,0
S3657,J0071,0
S3657,J0072,0
S3657,J0073,0
S3657,J0076,0
S3657,J0077,0
S3657,J0078,0
S3657,J0080,0
S0929,J0064,1
S0929,J0002,0
S0929,J0006,0
S0929,J0012,0
S0929,J0013,0
S0929,J0016,0
S0929,J0017,0
S0929,J0018,0
S0929,J0019,0
S0929,J0020,0
S0929,J0022,0
S0929,J0023,0
S0929,J0024,0
S0929,J0025,0
S0929,J0027,0
S0929,J0028,0
S0929,J0029,0
S0929,J0032,0
S0929,J0033,0
S0929,J0034,0
S0929,J0035,0
S0929,J0036,0
S0929,J0037,0
S0929,J0038,0
S0929,J0041,0
S0929,J0043,0
S0929,J0044,0
S0929,J0045,0
S0929,J0048,0
S0929,J0051,0
S0929,J0053,0
S0929,J0054,0
S0929,J0055,0
S0929,J0057,0
S0929,J0058,0
S0929,J0059,0
S0929,J0060,0
S0929,J0061,0
S0929,J0063,0
S0929,J0065,0
S0929,J0066,0
S0929,J0067,0
S0929,J0069,0
S0929,J0070,0
S0929,J0072,0
S0929,J0074,0
S0929,J0075,0
S0929,J0076,0
S0929,J0077,0
S0929,J0080,0
S2063,J0065,1
S2063,J0070,0
S2063,J0072,0
S2063,J0076,0
S2063,J0077,0
S2063,J0078,0
S2063,J0080,0
S2063,J0082,0
S2063,J0087,0
S2063,J0088,0
S2063,J0090,0
S2063,J0092,0
S2063,J0095,0
S2063,J0098,0
S2063,J0099,0
S2063,J0001,0
S2063,J0002,0
S2063,J0003,0
S2063,J0004,0
S2063,J0006,0
S2063,J0009,0
S2063,J0010,0
S2063,J0011,0
S2063,J0012,0
S2063,J0013,0
S2063,J0015,0
S2063,J0016,0
S2063,J0018,0
S2063,J0019,0
S2063,J0025,0
S2063,J0028,0
S2063,J0030,0
S2063,J0031,0
S2063,J0032,0
S2063,J0035,0
S2063,J0036,0
S2063,J0039,0
S2063,J0040,0
S2063,J0041,0
S2063,J0043,0
S2063,J0044,0
S2063,J0046,0
S2063,J0047,0
S2063,J0048,0
S2063,J0049,0
S2063,J0050,0
S2063,J0051,0
S2063,J0052,0
S2063,J0053,0
S2063,J0054,0
S1497,J0080,1
S1497,J0019,0
S1497,J0021,0
S1497,J0023,0
S1497,J0025,0
S1497,J0026,0
S1497,J0028,0
S1497,J0029,0
S1497,J0030,0
S1497,J0034,0
S1497,J0036,0
S1497,J0037,0
S1497,J0040,0
S1497,J0042,0
S1497,J0044,0
S1497,J0047,0
S1497,J0049,0
S1497,J0050,0
S1497,J0052,0
S1497,J0053,0
S1497,J0055,0
S1497,J0058,0
S1497,J0059,0
S1497,J0061,0
S1497,J0062,0
S1497,J0064,0
S1497,J0065,0
S1497,J0070,0
S1497,J0071,0
S1497,J0072,0
S1497,J0073,0
S1497,J0074,0
S1497,J0077,0
S1497,J0078,0
S1497,J0079,0
S1497,J0081,0
S1497,J0082,0
S1497,J0083,0
S1497,J0084,0
S1497,J0087,0
S1497,J0089,0
S1497,J0091,0
S1497,J0093,0
S1497,J0094,0
S1497,J0096,0
S1497,J0097,0
S1497,J0098,0
S1497,J0099,0
S1497,J0100,0
S1497,J0002,0
S2758,J0084,1
S2758,J0003,0
S2758,J0004,0
S2758,J0005,0
S2758,J0007,0
S2758,J0010,0
S2758,J0012,0
S2758,J0014,0
S2758,J0017,0
S2758,J0018,0
S2758,J0019,0
S2758,J0021,0
S2758,J0022,0
S2758,J0023,0
S2758,J0028,0
S2758,J0029,0
S2758,J0030,0
S2758,J0035,0
S2758,J0038,0
S2758,J0039,0
S2758,J0040,0
S2758,J0041,0
S2758,J0044,0
S2758,J0047,0
S2758,J0049,0
S2758,J0050,0
S2758,J0053,0
S2758,J0054,0
S2758,J0055,0
S2758,J0059,0
S2758,J0060,0
S2758,J0064,0
S2758,J0068,0
S2758,J0069,0
S2758,J0070,0
S2758,J0071,0
S2758,J0072,0
S2758,J0073,0
S2758,J0074,0
S2758,J0080,0
S2758,J0081,0
S2758,J0083,0
S2758,J0089,0
S2758,J0093,0
S2758,J0094,0
S2758,J0095,0
S2758,J0096,0
S2758,J0097,0
S2758,J0099,0
S2758,J0100,0
S0661,J0083,1
S0661,J0002,0
S0661,J0003,0
S0661,J0004,0
S0661,J0006,0
S0661,J0007,0
S0661,J0008,0
S0661,J0009,0
S0661,J0015,0
S0661,J0016,0
S0661,J0017,0
S0661,J0018,0
S0661,J0020,0
S0661,J0023,0
S0661,J0024,0
S0661,J0026,0
S0661,J0028,0
S0661,J0030,0
S0661,J0031,0
S0661,J0032,0
S0661,J0035,0
S0661,J0036,0
S0661,J0041,0
S0661,J0042,0
S0661,J0043,0
S0661,J0044,0
S0661,J0045,0
S0661,J0046,0
S0661,J0047,0
S0661,J0048,0
S0661,J0050,0
S0661,J0051,0
S0661,J0052,0
S0661,J0057,0
S0661,J0061,0
S0661,J0062,0
S0661,J0064,0
S0661,J0066,0
S0661,J0067,0
S0661,J0068,0
S0661,J0069,0
S0661,J0072,0
S0661,J0073,0
S0661,J0075,0
S0661,J0076,0
S0661,J0077,0
S0661,J0079,0
S0661,J0080,0
S0661,J0084,0
S0661,J0085,0
S2221,J0039,1
S2221,J0069,0
S2221,J0070,0
S2221,J0071,0
S2221,J0072,0
S2221,J0073,0
S2221,J0077,0
S2221,J0081,0
S2221,J0083,0
S2221,J0084,0
S2221,J0086,0
S2221,J0087,0
S2221,J0088,0
S2221,J0091,0
S2221,J0093,0
S2221,J0094,0
S2221,J0095,0
S2221,J0096,0
S2221,J0097,0
S2221,J0098,0
S2221,J0099,0
S2221,J0002,0
S2221,J0003,0
S2221,J0005,0
S2221,J0007,0
S2221,J0008,0
S2221,J0009,0
S2221,J0011,0
S2221,J0012,0
S2221,J0017,0
S2221,J0018,0
S2221,J0019,0
S2221,J0023,0
S2221,J0026,0
S2221,J0027,0
S2221,J0029,0
S2221,J0030,0
S2221,J0031,0
S2221,J0034,0
S2221,J0036,0
S2221,J0037,0
S2221,J0043,0
S2221,J0044,0
S2221,J0046,0
S2221,J0047,0
S2221,J0052,0
S2221,J0054,0
S2221,J0056,0
S2221,J0058,0
S2221,J0059,0
S0068,J0015,1
S0068,J0001,0
S0068,J0002,0
S0068,J0005,0
S0068,J0010,0
S0068,J0011,0
S0068,J0012,0
S0068,J0014,0
S0068,J0017,0
S0068,J0019,0
S0068,J0020,0
S0068,J0023,0
S0068,J0027,0
S0068,J0029,0
S0068,J0032,0
S0068,J0034,0
S0068,J0035,0
S0068,J0036,0
S0068,J0041,0
S0068,J0045,0
S0068,J0046,0
S0068,J0050,0
S0068,J0052,0
S0068,J0054,0
S0068,J0055,0
S0068,J0056,0
S0068,J0058,0
S0068,J0059,0
S0068,J0060,0
S0068,J0061,0
S0068,J0063,0
S0068,J0064,0
S0068,J0066,0
S0068,J0067,0
S0068,J0069,0
S0068,J0070,0
S0068,J0071,0
S0068,J0072,0
S0068,J0074,0
S0068,J0075,0
S0068,J0077,0
S0068,J0080,0
S0068,J0083,0
S0068,J0085,0
S0068,J0086,0
S0068,J0087,0
S0068,J0088,0
S0068,J0095,0
S0068,J0096,0
S0068,J0099,0
S2430,J0017,1
S2430,J0010,0
S2430,J0011,0
S2430,J0012,0
S2430,J0014,0
S2430,J0015,0
S2430,J0016,0
S2430,J0019,0
S2430,J0020,0
S2430,J0021,0
S2430,J0023,0
S2430,J0024,0
S2430,J0025,0
S2430,J0027,0
S2430,J0028,0
S2430,J0029,0
S2430,J0030,0
S2430,J0031,0
S2430,J0033,0
S2430,J0034,0
S2430,J0035,0
S2430,J0037,0
S2430,J0038,0
S2430,J0040,0
S2430,J0041,0
S2430,J0042,0
S2430,J0043,0
S2430,J0044,0
S2430,J0045,0
S2430,J0046,0
S2430,J0047,0
S2430,J0048,0
S2430,J0050,0
S2430,J0051,0
S2430,J0052,0
S2430,J0055,0
S2430,J0056,0
S2430,J0057,0
S2430,J0058,0
S2430,J0059,0
S2430,J0060,0
S2430,J0061,0
S2430,J0063,0
S2430,J0065,0
S2430,J0067,0
S2430,J0068,0
S2430,J0071,0
S2430,J0072,0
S2430,J0073,0
S2430,J0074,0
S1318,J0018,1
S1318,J0063,0
S1318,J0065,0
S1318,J0066,0
S1318,J0067,0
S1318,J0068,0
S1318,J0070,0
S1318,J0071,0
S1318,J0072,0
S1318,J0074,0
S1318,J0075,0
S1318,J0076,0
S1318,J0077,0
S1318,J0082,0
S1318,J0083,0
S1318,J0090,0
S1318,J0091,0
S1318,J0093,0
S1318,J0095,0
S1318,J0096,0
S1318,J0098,0
S1318,J0099,0
S1318,J0001,0
S1318,J0002,0
S1318,J0003,0
S1318,J0005,0
S1318,J0006,0
S1318,J0009,0
S1318,J0010,0
S1318,J0011,0
S1318,J0012,0
S1318,J0014,0
S1318,J0015,0
S1318,J0017,0
S1318,J0019,0
S1318,J0021,0
S1318,J0023,0
S1318,J0026,0
S1318,J0027,0
S1318,J0028,0
S1318,J0029,0
S1318,J0030,0
S1318,J0031,0
S1318,J0032,0
S1318,J0033,0
S1318,J0034,0
S1318,J0037,0
S1318,J0038,0
S1318,J0039,0
S1318,J0045,0
S1127,J0028,1
S1127,J0094,0
S1127,J0099,0
S1127,J0002,0
S1127,J0003,0
S1127,J0009,0
S1127,J0010,0
S1127,J0011,0
S1127,J0012,0
S1127,J0015,0
S1127,J0019,0
S1127,J0022,0
S1127,J0025,0
S1127,J0027,0
S1127,J0030,0
S1127,J0031,0
S1127,J0032,0
S1127,J0033,0
S1127,J0034,0
S1127,J0035,0
S1127,J0037,0
S1127,J0039,0
S1127,J0041,0
S1127,J0042,0
S1127,J0044,0
S1127,J0045,0
S1127,J0047,0
S1127,J0048,0
S1127,J0049,0
S1127,J0050,0
S1127,J0051,0
S1127,J0053,0
S1127,J0055,0
S1127,J0057,0
S1127,J0058,0
S1127,J0060,0
S1127,J0061,0
S1127,J0063,0
S1127,J0066,0
S1127,J0068,0
S1127,J0070,0
S1127,J0072,0
S1127,J0073,0
S1127,J0075,0
S1127,J0076,0
S1127,J0077,0
S1127,J0078,0
S1127,J0079,0
S1127,J0080,0
S1127,J0087,0
S0503,J0077,1
S0503,J0084,0
S0503,J0085,0
S0503,J0086,0
S0503,J0088,0
S0503,J0089,0
S0503,J0091,0
S0503,J0092,0
S0503,J0093,0
S0503,J0094,0
S0503,J0095,0
S0503,J0096,0
S0503,J0097,0
S0503,J0098,0
S0503,J0099,0
S0503,J0100,0
S0503,J0003,0
S0503,J0007,0
S0503,J0009,0
S0503,J0014,0
S0503,J0017,0
S0503,J0020,0
S0503,J0021,0
S0503,J0026,0
S0503,J0027,0
S0503,J0029,0
S0503,J0030,0
S0503,J0036,0
S0503,J0037,0
S0503,J0038,0
S0503,J0040,0
S0503,J0042,0
S0503,J0044,0
S0503,J0045,0
S0503,J0046,0
S0503,J0047,0
S0503,J0049,0
S0503,J0052,0
S0503,J0058,0
S0503,J0059,0
S0503,J0060,0
S0503,J0062,0
S0503,J0064,0
S0503,J0067,0
S0503,J0069,0
S0503,J0071,0
S0503,J0073,0
S0503,J0074,0
S0503,J0075,0
S0503,J0076,0
S4800,J0058,1
S4800,J0095,0
S4800,J0096,0
S4800,J0098,0
S4800,J0002,0
S4800,J0003,0
S4800,J0004,0
S4800,J0005,0
S4800,J0007,0
S4800,J0008,0
S4800,J0009,0
S4800,J0011,0
S4800,J0012,0
S4800,J0014,0
S4800,J0015,0
S4800,J0016,0
S4800,J0018,0
S4800,J0020,0
S4800,J0021,0
S4800,J0022,0
S4800,J0023,0
S4800,J0024,0
S4800,J0025,0
S4800,J0027,0
S4800,J0028,0
S4800,J0029,0
S4800,J0031,0
S4800,J0032,0
S4800,J0034,0
S4800,J0035,0
S4800,J0037,0
S4800,J0038,0
S4800,J0041,0
S4800,J0042,0
S4800,J0043,0
S4800,J0044,0
S4800,J0045,0
S4800,J0046,0
S4800,J0047,0
S4800,J0048,0
S4800,J0051,0
S4800,J0052,0
S4800,J0053,0
S4800,J0054,0
S4800,J0055,0
S4800,J0056,0
S4800,J0059,0
S4800,J0060,0
S4800,J0061,0
S4800,J0062,0
S2624,J0029,1
S2624,J0099,0
S2624,J0001,0
S2624,J0003,0
S2624,J0009,0
S2624,J0010,0
S2624,J0011,0
S2624,J0012,0
S2624,J0013,0
S2624,J0014,0
S2624,J0015,0
S2624,J0018,0
S2624,J0021,0
S2624,J0022,0
S2624,J0025,0
S2624,J0027,0
S2624,J0028,0
S2624,J0030,0
S2624,J0031,0
S2624,J0034,0
S2624,J0036,0
S2624,J0037,0
S2624,J0038,0
S2624,J0042,0
S2624,J0043,0
S2624,J0047,0
S2624,J0048,0
S2624,J0049,0
S2624,J0050,0
S2624,J0051,0
S2624,J0053,0
S2624,J0055,0
S2624,J0056,0
S2624,J0058,0
S2624,J0059,0
S2624,J0060,0
S2624,J0061,0
S2624,J0064,0
S2624,J0065,0
S2624,J0068,0
S2624,J0071,0
S2624,J0074,0
S2624,J0075,0
S2624,J0076,0
S2624,J0079,0
S2624,J0080,0
S2624,J0083,0
S2624,J0088,0
S2624,J0092,0
S2624,J0093,0
S4623,J0049,1
S4623,J0024,0
S4623,J0025,0
S4623,J0027,0
S4623,J0028,0
S4623,J0029,0
S4623,J0030,0
S4623,J0031,0
S4623,J0034,0
S4623,J0035,0
S4623,J0037,0
S4623,J0038,0
S4623,J0040,0
S4623,J0042,0
S4623,J0043,0
S4623,J0044,0
S4623,J0047,0
S4623,J0050,0
S4623,J0052,0
S4623,J0054,0
S4623,J0055,0
S4623,J0058,0
S4623,J0059,0
S4623,J0061,0
S4623,J0064,0
S4623,J0065,0
S4623,J0068,0
S4623,J0069,0
S4623,J0071,0
S4623,J0073,0
S4623,J0074,0
S4623,J0075,0
S4623,J0076,0
S4623,J0078,0
S4623,J0080,0
S4623,J0082,0
S4623,J0084,0
S4623,J0085,0
S4623,J0086,0
S4623,J0087,0
S4623,J0088,0
S4623,J0090,0
S4623,J0093,0
S4623,J0096,0
S4623,J0099,0
S4623,J0001,0
S4623,J0002,0
S4623,J0005,0
S4623,J0008,0
S4623,J0009,0
S2061,J0074,1
S2061,J0055,0
S2061,J0058,0
S2061,J0060,0
S2061,J0062,0
S2061,J0063,0
S2061,J0065,0
S2061,J0068,0
S2061,J0070,0
S2061,J0071,0
S2061,J0072,0
S2061,J0073,0
S2061,J0077,0
S2061,J0078,0
S2061,J0079,0
S2061,J0080,0
S2061,J0081,0
S2061,J0082,0
S2061,J0087,0
S2061,J0089,0
S2061,J0090,0
S2061,J0095,0
S2061,J0097,0
S2061,J0099,0
S2061,J0100,0
S2061,J0001,0
S2061,J0002,0
S2061,J0003,0
S2061,J0005,0
S2061,J0007,0
S2061,J0013,0
S2061,J0015,0
S2061,J0018,0
S2061,J0021,0
S2061,J0022,0
S2061,J0025,0
S2061,J0027,0
S2061,J0028,0
S2061,J0031,0
S2061,J0032,0
S2061,J0033,0
S2061,J0035,0
S2061,J0036,0
S2061,J0039,0
S2061,J0040,0
S2061,J0041,0
S2061,J0044,0
S2061,J0045,0
S2061,J0047,0
S2061,J0049,0
S0237,J0058,1
S0237,J0045,0
S0237,J0046,0
S0237,J0047,0
S0237,J0049,0
S0237,J0050,0
S0237,J0055,0
S0237,J0059,0
S0237,J0060,0
S0237,J0061,0
S0237,J0062,0
S0237,J0064,0
S0237,J0068,0
S0237,J0069,0
S0237,J0070,0
S0237,J0074,0
S0237,J0077,0
S0237,J0078,0
S0237,J0080,0
S0237,J0081,0
S0237,J0083,0
S0237,J0084,0
S0237,J0086,0
S0237,J0088,0
S0237,J0089,0
S0237,J0090,0
S0237,J0091,0
S0237,J0094,0
S0237,J0095,0
S0237,J0096,0
S0237,J0097,0
S0237,J0001,0
S0237,J0003,0
S0237,J0004,0
S0237,J0005,0
S0237,J0007,0
S0237,J0008,0
S0237,J0010,0
S0237,J0014,0
S0237,J0016,0
S0237,J0018,0
S0237,J0019,0
S0237,J0020,0
S0237,J0024,0
S0237,J0031,0
S0237,J0032,0
S0237,J0035,0
S0237,J0036,0
S0237,J0037,0
S0237,J0039,0
S3681,J0074,1
S3681,J0001,0
S3681,J0002,0
S3681,J0003,0
S3681,J0005,0
S3681,J0006,0
S3681,J0008,0
S3681,J0009,0
S3681,J0010,0
S3681,J0011,0
S3681,J0012,0
S3681,J0013,0
S3681,J0014,0
S3681,J0015,0
S3681,J0018,0
S3681,J0019,0
S3681,J0020,0
S3681,J0021,0
S3681,J0022,0
S3681,J0025,0
S3681,J0027,0
S3681,J0028,0
S3681,J0029,0
S3681,J0030,0
S3681,J0031,0
S3681,J0033,0
S3681,J0034,0
S3681,J0035,0
S3681,J0037,0
S3681,J0038,0
S3681,J0039,0
S3681,J0041,0
S3681,J0043,0
S3681,J0044,0
S3681,J0045,0
S3681,J0047,0
S3681,J0048,0
S3681,J0049,0
S3681,J0051,0
S3681,J0053,0
S3681,J0054,0
S3681,J0055,0
S3681,J0057,0
S3681,J0058,0
S3681,J0059,0
S3681,J0061,0
S3681,J0063,0
S3681,J0065,0
S3681,J0066,0
S3681,J0068,0
S2697,J0027,1
S2697,J0099,0
S2697,J0001,0
S2697,J0002,0
S2697,J0003,0
S2697,J0004,0
S2697,J0007,0
S2697,J0008,0
S2697,J0012,0
S2697,J0013,0
S2697,J0014,0
S2697,J0016,0
S2697,J0017,0
S2697,J0020,0
S2697,J0023,0
S2697,J0024,0
S2697,J0025,0
S2697,J0026,0
S2697,J0032,0
S2697,J0033,0
S2697,J0035,0
S2697,J0038,0
S2697,J0039,0
S2697,J0040,0
S2697,J0042,0
S2697,J0045,0
S2697,J0046,0
S2697,J0047,0
S2697,J0055,0
S2697,J0058,0
S2697,J0059,0
S2697,J0060,0
S2697,J0062,0
S2697,J0064,0
S2697,J0067,0
S2697,J0068,0
S2697,J0070,0
S2697,J0074,0
S2697,J0076,0
S2697,J0077,0
S2697,J0078,0
S2697,J0080,0
S2697,J0083,0
S2697,J0085,0
S2697,J0086,0
S2697,J0088,0
S2697,J0091,0
S2697,J0093,0
S2697,J0094,0
S2697,J0095,0
S1355,J0071,1
S1355,J0028,0
S1355,J0030,0
S1355,J0031,0
S1355,J0032,0
S1355,J0033,0
S1355,J0037,0
S1355,J0040,0
S1355,J0041,0
S1355,J0042,0
S1355,J0043,0
S1355,J0044,0
S1355,J0045,0
S1355,J0046,0
S1355,J0047,0
S1355,J0048,0
S1355,J0051,0
S1355,J0052,0
S1355,J0053,0
S1355,J0054,0
S1355,J0055,0
S1355,J0057,0
S1355,J0058,0
S1355,J0064,0
S1355,J0066,0
S1355,J0067,0
S1355,J0072,0
S1355,J0075,0
S1355,J0076,0
S1355,J0077,0
S1355,J0078,0
S1355,J0079,0
S1355,J0080,0
S1355,J0081,0
S1355,J0083,0
S1355,J0085,0
S1355,J0086,0
S1355,J0087,0
S1355,J0088,0
S1355,J0089,0
S1355,J0090,0
S1355,J0092,0
S1355,J0095,0
S1355,J0097,0
S1355,J0098,0
S1355,J0002,0
S1355,J0003,0
S1355,J0005,0
S1355,J0006,0
S1355,J0008,0
S3173,J0072,1
S3173,J0053,0
S3173,J0054,0
S3173,J0055,0
S3173,J0058,0
S3173,J0059,0
S3173,J0061,0
S3173,J0064,0
S3173,J0065,0
S3173,J0066,0
S3173,J0067,0
S3173,J0069,0
S3173,J0073,0
S3173,J0076,0
S3173,J0077,0
S3173,J0078,0
S3173,J0080,0
S3173,J0082,0
S3173,J0083,0
S3173,J0085,0
S3173,J0086,0
S3173,J0087,0
S3173,J0089,0
S3173,J0092,0
S3173,J0095,0
S3173,J0096,0
S3173,J0099,0
S3173,J0100,0
S3173,J0001,0
S3173,J0002,0
S3173,J0003,0
S3173,J0005,0
S3173,J0007,0
S3173,J0013,0
S3173,J0014,0
S3173,J0015,0
S3173,J0016,0
S3173,J0017,0
S3173,J0018,0
S3173,J0020,0
S3173,J0022,0
S3173,J0023,0
S3173,J0024,0
S3173,J0025,0
S3173,J0028,0
S3173,J0030,0
S3173,J0032,0
S3173,J0037,0
S3173,J0040,0
S3173,J0043,0
S1719,J0010,1
S1719,J0001,0
S1719,J0002,0
S1719,J0004,0
S1719,J0005,0
S1719,J0007,0
S1719,J0008,0
S1719,J0009,0
S1719,J0011,0
S1719,J0015,0
S1719,J0018,0
S1719,J0019,0
S1719,J0024,0
S1719,J0025,0
S1719,J0026,0
S1719,J0028,0
S1719,J0030,0
S1719,J0031,0
S1719,J0035,0
S1719,J0036,0
S1719,J0038,0
S1719,J0039,0
S1719,J0040,0
S1719,J0042,0
S1719,J0043,0
S1719,J0044,0
S1719,J0045,0
S1719,J0046,0
S1719,J0047,0
S1719,J0049,0
S1719,J0052,0
S1719,J0054,0
S1719,J0057,0
S1719,J0058,0
S1719,J0059,0
S1719,J0061,0
S1719,J0062,0
S1719,J0063,0
S1719,J0064,0
S1719,J0067,0
S1719,J0068,0
S1719,J0069,0
S1719,J0070,0
S1719,J0072,0
S1719,J0073,0
S1719,J0074,0
S1719,J0075,0
S1719,J0076,0
S1719,J0077,0
S1719,J0078,0
S4756,J0026,1
S4756,J0035,0
S4756,J0036,0
S4756,J0037,0
S4756,J0038,0
S4756,J0039,0
S4756,J0041,0
S4756,J0043,0
S4756,J0045,0
S4756,J0048,0
S4756,J0049,0
S4756,J0050,0
S4756,J0052,0
S4756,J0053,0
S4756,J0055,0
S4756,J0058,0
S4756,J0059,0
S4756,J0060,0
S4756,J0061,0
S4756,J0062,0
S4756,J0063,0
S4756,J0064,0
S4756,J0065,0
S4756,J0066,0
S4756,J0067,0
S4756,J0068,0
S4756,J0069,0
S4756,J0070,0
S4756,J0071,0
S4756,J0072,0
S4756,J0073,0
S4756,J0074,0
S4756,J0075,0
S4756,J0076,0
S4756,J0077,0
S4756,J0078,0
S4756,J0079,0
S4756,J0081,0
S4756,J0083,0
S4756,J0084,0
S4756,J0085,0
S4756,J0089,0
S4756,J0092,0
S4756,J0093,0
S4756,J0094,0
S4756,J0097,0
S4756,J0099,0
S4756,J0001,0
S4756,J0002,0
S4756,J0003,0
S3828,J0093,1
S3828,J0076,0
S3828,J0077,0
S3828,J0078,0
S3828,J0079,0
S3828,J0080,0
S3828,J0081,0
S3828,J0083,0
S3828,J0084,0
S3828,J0085,0
S3828,J0086,0
S3828,J0087,0
S3828,J0089,0
S3828,J0090,0
S3828,J0092,0
S3828,J0094,0
S3828,J0095,0
S3828,J0097,0
S3828,J0098,0
S3828,J0100,0
S3828,J0003,0
S3828,J0004,0
S3828,J0007,0
S3828,J0008,0
S3828,J0011,0
S3828,J0013,0
S3828,J0014,0
S3828,J0015,0
S3828,J0016,0
S3828,J0017,0
S3828,J0018,0
S3828,J0020,0
S3828,J0022,0
S3828,J0023,0
S3828,J0024,0
S3828,J0025,0
S3828,J0028,0
S3828,J0029,0
S3828,J0031,0
S3828,J0032,0
S3828,J0033,0
S3828,J0035,0
S3828,J0036,0
S3828,J0037,0
S3828,J0038,0
S3828,J0040,0
S3828,J0041,0
S3828,J0042,0
S3828,J0043,0
S3828,J0044,0
S0322,J0080,1
S0322,J0077,0
S0322,J0078,0
S0322,J0083,0
S0322,J0085,0
S0322,J0086,0
S0322,J0087,0
S0322,J0090,0
S0322,J0091,0
S0322,J0092,0
S0322,J0093,0
S0322,J0095,0
S0322,J0096,0
S0322,J0097,0
S0322,J0098,0
S0322,J0099,0
S0322,J0100,0
S0322,J0001,0
S0322,J0003,0
S0322,J0004,0
S0322,J0008,0
S0322,J0009,0
S0322,J0013,0
S0322,J0014,0
S0322,J0015,0
S0322,J0016,0
S0322,J0017,0
S0322,J0018,0
S0322,J0019,0
S0322,J0020,0
S0322,J0021,0
S0322,J0023,0
S0322,J0024,0
S0322,J0026,0
S0322,J0027,0
S0322,J0028,0
S0322,J0029,0
S0322,J0032,0
S0322,J0034,0
S0322,J0037,0
S0322,J0038,0
S0322,J0040,0
S0322,J0042,0
S0322,J0044,0
S0322,J0047,0
S0322,J0048,0
S0322,J0050,0
S0322,J0051,0
S0322,J0052,0
S0322,J0054,0
S4546,J0005,1
S4546,J0075,0
S4546,J0076,0
S4546,J0078,0
S4546,J0080,0
S4546,J0081,0
S4546,J0082,0
S4546,J0085,0
S4546,J0086,0
S4546,J0087,0
S4546,J0088,0
S4546,J0089,0
S4546,J0090,0
S4546,J0093,0
S4546,J0094,0
S4546,J0096,0
S4546,J0097,0
S4546,J0099,0
S4546,J0100,0
S4546,J0002,0
S4546,J0003,0
S4546,J0004,0
S4546,J0007,0
S4546,J0009,0
S4546,J0012,0
S4546,J0014,0
S4546,J0015,0
S4546,J0016,0
S4546,J0017,0
S4546,J0019,0
S4546,J0020,0
S4546,J0021,0
S4546,J0024,0
S4546,J0025,0
S4546,J0026,0
S4546,J0027,0
S4546,J0028,0
S4546,J0029,0
S4546,J0030,0
S4546,J0031,0
S4546,J0032,0
S4546,J0034,0
S4546,J0035,0
S4546,J0040,0
S4546,J0041,0
S4546,J0042,0
S4546,J0043,0
S4546,J0044,0
S4546,J0045,0
S4546,J0046,0
S3919,J0070,1
S3919,J0065,0
S3919,J0066,0
S3919,J0067,0
S3919,J0068,0
S3919,J0069,0
S3919,J0071,0
S3919,J0073,0
S3919,J0074,0
S3919,J0075,0
S3919,J0079,0
S3919,J0081,0
S3919,J0082,0
S3919,J0083,0
S3919,J0084,0
S3919,J0085,0
S3919,J0086,0
S3919,J0088,0
S3919,J0089,0
S3919,J0090,0
S3919,J0092,0
S3919,J0093,0
S3919,J0094,0
S3919,J0096,0
S3919,J0097,0
S3919,J0099,0
S3919,J0100,0
S3919,J0001,0
S3919,J0002,0
S3919,J0005,0
S3919,J0007,0
S3919,J0008,0
S3919,J0009,0
S3919,J0010,0
S3919,J0011,0
S3919,J0013,0
S3919,J0014,0
S3919,J0015,0
S3919,J0018,0
S3919,J0019,0
S3919,J0021,0
S3919,J0022,0
S3919,J0024,0
S3919,J0025,0
S3919,J0026,0
S3919,J0027,0
S3919,J0028,0
S3919,J0029,0
S3919,J0030,0
S3919,J0031,0
S3488,J0059,1
S3488,J0040,0
S3488,J0042,0
S3488,J0043,0
S3488,J0044,0
S3488,J0045,0
S3488,J0046,0
S3488,J0047,0
S3488,J0048,0
S3488,J0049,0
S3488,J0050,0
S3488,J0052,0
S3488,J0056,0
S3488,J0057,0
S3488,J0058,0
S3488,J0060,0
S3488,J0061,0
S3488,J0062,0
S3488,J0063,0
S3488,J0064,0
S3488,J0067,0
S3488,J0068,0
S3488,J0069,0
S3488,J0070,0
S3488,J0072,0
S3488,J0073,0
S3488,J0075,0
S3488,J0076,0
S3488,J0077,0
S3488,J0078,0
S3488,J0080,0
S3488,J0081,0
S3488,J0084,0
S3488,J0087,0
S3488,J0089,0
S3488,J0090,0
S3488,J0091,0
S3488,J0094,0
S3488,J0095,0
S3488,J0097,0
S3488,J0099,0
S3488,J0100,0
S3488,J0001,0
S3488,J0002,0
S3488,J0003,0
S3488,J0005,0
S3488,J0006,0
S3488,J0007,0
S3488,J0010,0
S3488,J0011,0
S0316,J0068,1
S0316,J0001,0
S0316,J0002,0
S0316,J0003,0
S0316,J0005,0
S0316,J0009,0
S0316,J0010,0
S0316,J0011,0
S0316,J0014,0
S0316,J0015,0
S0316,J0016,0
S0316,J0017,0
S0316,J0018,0
S0316,J0021,0
S0316,J0026,0
S0316,J0027,0
S0316,J0029,0
S0316,J0035,0
S0316,J0036,0
S0316,J0037,0
S0316,J0038,0
S0316,J0039,0
S0316,J0040,0
S0316,J0041,0
S0316,J0043,0
S0316,J0044,0
S0316,J0047,0
S0316,J0049,0
S0316,J0050,0
S0316,J0051,0
S0316,J0052,0
S0316,J0055,0
S0316,J0056,0
S0316,J0058,0
S0316,J0059,0
S0316,J0060,0
S0316,J0064,0
S0316,J0066,0
S0316,J0070,0
S0316,J0071,0
S0316,J0072,0
S0316,J0074,0
S0316,J0080,0
S0316,J0083,0
S0316,J0084,0
S0316,J0087,0
S0316,J0090,0
S0316,J0093,0
S0316,J0096,0
S0316,J0099,0
S3128,J0038,1
S3128,J0064,0
S3128,J0067,0
S3128,J0068,0
S3128,J0069,0
S3128,J0070,0
S3128,J0071,0
S3128,J0073,0
S3128,J0074,0
S3128,J0075,0
S3128,J0078,0
S3128,J0080,0
S3128,J0081,0
S3128,J0082,0
S3128,J0084,0
S3128,J0085,0
S3128,J0086,0
S3128,J0087,0
S3128,J0088,0
S3128,J0089,0
S3128,J0093,0
S3128,J0094,0
S3128,J0095,0
S3128,J0096,0
S3128,J0097,0
S3128,J0099,0
S3128,J0100,0
S3128,J0002,0
S3128,J0003,0
S3128,J0007,0
S3128,J0008,0
S3128,J0011,0
S3128,J0014,0
S3128,J0015,0
S3128,J0016,0
S3128,J0017,0
S3128,J0019,0
S3128,J0020,0
S3128,J0021,0
S3128,J0024,0
S3128,J0025,0
S3128,J0027,0
S3128,J0028,0
S3128,J0029,0
S3128,J0031,0
S3128,J0032,0
S3128,J0034,0
S3128,J0035,0
S3128,J0037,0
S3128,J0040,0
S4740,J0069,1
S4740,J0095,0
S4740,J0100,0
S4740,J0001,0
S4740,J0005,0
S4740,J0006,0
S4740,J0007,0
S4740,J0010,0
S4740,J0012,0
S4740,J0013,0
S4740,J0015,0
S4740,J0016,0
S4740,J0018,0
S4740,J0019,0
S4740,J0020,0
S4740,J0021,0
S4740,J0022,0
S4740,J0025,0
S4740,J0026,0
S4740,J0028,0
S4740,J0031,0
S4740,J0033,0
S4740,J0036,0
S4740,J0038,0
S4740,J0039,0
S4740,J0043,0
S4740,J0045,0
S4740,J0047,0
S4740,J0048,0
S4740,J0049,0
S4740,J0050,0
S4740,J0051,0
S4740,J0053,0
S4740,J0057,0
S4740,J0058,0
S4740,J0061,0
S4740,J0062,0
S4740,J0063,0
S4740,J0065,0
S4740,J0066,0
S4740,J0070,0
S4740,J0072,0
S4740,J0073,0
S4740,J0076,0
S4740,J0077,0
S4740,J0080,0
S4740,J0082,0
S4740,J0084,0
S4740,J0086,0
S4740,J0087,0
S4947,J0043,1
S4947,J0095,0
S4947,J0003,0
S4947,J0004,0
S4947,J0008,0
S4947,J0009,0
S4947,J0012,0
S4947,J0013,0
S4947,J0014,0
S4947,J0015,0
S4947,J0016,0
S4947,J0017,0
S4947,J0019,0
S4947,J0021,0
S4947,J0022,0
S4947,J0023,0
S4947,J0024,0
S4947,J0025,0
S4947,J0026,0
S4947,J0028,0
S4947,J0031,0
S4947,J0032,0
S4947,J0034,0
S4947,J0037,0
S4947,J0039,0
S4947,J0041,0
S4947,J0042,0
S4947,J0044,0
S4947,J0045,0
S4947,J0046,0
S4947,J0048,0
S4947,J0049,0
S4947,J0051,0
S4947,J0053,0
S4947,J0056,0
S4947,J0057,0
S4947,J0060,0
S4947,J0061,0
S4947,J0062,0
S4947,J0064,0
S4947,J0067,0
S4947,J0068,0
S4947,J0069,0
S4947,J0071,0
S4947,J0075,0
S4947,J0076,0
S4947,J0078,0
S4947,J0088,0
S4947,J0090,0
S4947,J0091,0
S1200,J0092,1
S1200,J0080,0
S1200,J0083,0
S1200,J0086,0
S1200,J0090,0
S1200,J0096,0
S1200,J0098,0
S1200,J0099,0
S1200,J0001,0
S1200,J0002,0
S1200,J0003,0
S1200,J0004,0
S1200,J0005,0
S1200,J0008,0
S1200,J0010,0
S1200,J0011,0
S1200,J0012,0
S1200,J0013,0
S1200,J0014,0
S1200,J0016,0
S1200,J0017,0
S1200,J0019,0
S1200,J0020,0
S1200,J0021,0
S1200,J0023,0
S1200,J0024,0
S1200,J0025,0
S1200,J0027,0
S1200,J0028,0
S1200,J0029,0
S1200,J0030,0
S1200,J0035,0
S1200,J0036,0
S1200,J0037,0
S1200,J0040,0
S1200,J0041,0
S1200,J0042,0
S1200,J0043,0
S1200,J0044,0
S1200,J0045,0
S1200,J0046,0
S1200,J0047,0
S1200,J0048,0
S1200,J0050,0
S1200,J0051,0
S1200,J0052,0
S1200,J0055,0
S1200,J0056,0
S1200,J0057,0
S1200,J0058,0
S1782,J0070,1
S1782,J0047,0
S1782,J0048,0
S1782,J0051,0
S1782,J0052,0
S1782,J0054,0
S1782,J0055,0
S1782,J0059,0
S1782,J0060,0
S1782,J0061,0
S1782,J0062,0
S1782,J0063,0
S1782,J0065,0
S1782,J0068,0
S1782,J0071,0
S1782,J0073,0
S1782,J0074,0
S1782,J0075,0
S1782,J0076,0
S1782,J0078,0
S1782,J0080,0
S1782,J0081,0
S1782,J0083,0
S1782,J0084,0
S1782,J0085,0
S1782,J0086,0
S1782,J0087,0
S1782,J0088,0
S1782,J0089,0
S1782,J0090,0
S1782,J0093,0
S1782,J0094,0
S1782,J0097,0
S1782,J0098,0
S1782,J0001,0
S1782,J0002,0
S1782,J0003,0
S1782,J0004,0
S1782,J0006,0
S1782,J0007,0
S1782,J0008,0
S1782,J0009,0
S1782,J0011,0
S1782,J0013,0
S1782,J0014,0
S1782,J0015,0
S1782,J0016,0
S1782,J0017,0
S1782,J0019,0
S1782,J0021,0
S1592,J0025,1
S1592,J0040,0
S1592,J0041,0
S1592,J0043,0
S1592,J0044,0
S1592,J0045,0
S1592,J0046,0
S1592,J0047,0
S1592,J0048,0
S1592,J0049,0
S1592,J0050,0
S1592,J0051,0
S1592,J0052,0
S1592,J0053,0
S1592,J0055,0
S1592,J0056,0
S1592,J0057,0
S1592,J0058,0
S1592,J0062,0
S1592,J0063,0
S1592,J0067,0
S1592,J0068,0
S1592,J0070,0
S1592,J0072,0
S1592,J0073,0
S1592,J0076,0
S1592,J0077,0
S1592,J0078,0
S1592,J0079,0
S1592,J0080,0
S1592,J0082,0
S1592,J0084,0
S1592,J0087,0
S1592,J0089,0
S1592,J0090,0
S1592,J0091,0
S1592,J0092,0
S1592,J0094,0
S1592,J0097,0
S1592,J0099,0
S1592,J0001,0
S1592,J0002,0
S1592,J0004,0
S1592,J0005,0
S1592,J0006,0
S1592,J0007,0
S1592,J0009,0
S1592,J0010,0
S1592,J0011,0
S1592,J0012,0
S3358,J0002,1
S3358,J0098,0
S3358,J0099,0
S3358,J0100,0
S3358,J0003,0
S3358,J0007,0
S3358,J0012,0
S3358,J0015,0
S3358,J0016,0
S3358,J0017,0
S3358,J0019,0
S3358,J0020,0
S3358,J0021,0
S3358,J0023,0
S3358,J0024,0
S3358,J0026,0
S3358,J0028,0
S3358,J0030,0
S3358,J0032,0
S3358,J0034,0
S3358,J0036,0
S3358,J0037,0
S3358,J0038,0
S3358,J0040,0
S3358,J0042,0
S3358,J0044,0
S3358,J0045,0
S3358,J0046,0
S3358,J0047,0
S3358,J0052,0
S3358,J0053,0
S3358,J0059,0
S3358,J0060,0
S3358,J0061,0
S3358,J0062,0
S3358,J0064,0
S3358,J0067,0
S3358,J0069,0
S3358,J0074,0
S3358,J0075,0
S3358,J0076,0
S3358,J0078,0
S3358,J0081,0
S3358,J0083,0
S3358,J0086,0
S3358,J0088,0
S3358,J0089,0
S3358,J0091,0
S3358,J0092,0
S3358,J0093,0
S1982,J0001,1
S1982,J0002,0
S1982,J0003,0
S1982,J0007,0
S1982,J0011,0
S1982,J0012,0
S1982,J0014,0
S1982,J0015,0
S1982,J0016,0
S1982,J0018,0
S1982,J0020,0
S1982,J0021,0
S1982,J0022,0
S1982,J0023,0
S1982,J0025,0
S1982,J0027,0
S1982,J0028,0
S1982,J0029,0
S1982,J0031,0
S1982,J0032,0
S1982,J0035,0
S1982,J0036,0
S1982,J0037,0
S1982,J0038,0
S1982,J0040,0
S1982,J0041,0
S1982,J0043,0
S1982,J0044,0
S1982,J0045,0
S1982,J0046,0
S1982,J0047,0
S1982,J0048,0
S1982,J0051,0
S1982,J0052,0
S1982,J0053,0
S1982,J0054,0
S1982,J0055,0
S1982,J0056,0
S1982,J0059,0
S1982,J0060,0
S1982,J0062,0
S1982,J0063,0
S1982,J0064,0
S1982,J0065,0
S1982,J0067,0
S1982,J0068,0
S1982,J0069,0
S1982,J0070,0
S1982,J0071,0
S1982,J0072,0
S2572,J0049,1
S2572,J0077,0
S2572,J0080,0
S2572,J0081,0
S2572,J0082,0
S2572,J0084,0
S2572,J0086,0
S2572,J0087,0
S2572,J0088,0
S2572,J0089,0
S2572,J0093,0
S2572,J0094,0
S2572,J0095,0
S2572,J0097,0
S2572,J0099,0
S2572,J0100,0
S2572,J0001,0
S2572,J0002,0
S2572,J0003,0
S2572,J0005,0
S2572,J0007,0
S2572,J0013,0
S2572,J0014,0
S2572,J0015,0
S2572,J0016,0
S2572,J0017,0
S2572,J0018,0
S2572,J0019,0
S2572,J0020,0
S2572,J0023,0
S2572,J0024,0
S2572,J0029,0
S2572,J0030,0
S2572,J0031,0
S2572,J0032,0
S2572,J0035,0
S2572,J0036,0
S2572,J0040,0
S2572,J0044,0
S2572,J0045,0
S2572,J0046,0
S2572,J0047,0
S2572,J0050,0
S2572,J0054,0
S2572,J0058,0
S2572,J0059,0
S2572,J0062,0
S2572,J0064,0
S2572,J0067,0
S2572,J0069,0
S3718,J0049,1
S3718,J0043,0
S3718,J0044,0
S3718,J0045,0
S3718,J0046,0
S3718,J0047,0
S3718,J0048,0
S3718,J0050,0
S3718,J0051,0
S3718,J0052,0
S3718,J0055,0
S3718,J0056,0
S3718,J0058,0
S3718,J0059,0
S3718,J0060,0
S3718,J0063,0
S3718,J0064,0
S3718,J0065,0
S3718,J0066,0
S3718,J0067,0
S3718,J0068,0
S3718,J0070,0
S3718,J0071,0
S3718,J0072,0
S3718,J0074,0
S3718,J0075,0
S3718,J0077,0
S3718,J0078,0
S3718,J0080,0
S3718,J0082,0
S3718,J0083,0
S3718,J0086,0
S3718,J0087,0
S3718,J0088,0
S3718,J0090,0
S3718,J0093,0
S3718,J0095,0
S3718,J0096,0
S3718,J0098,0
S3718,J0099,0
S3718,J0001,0
S3718,J0002,0
S3718,J0003,0
S3718,J0010,0
S3718,J0012,0
S3718,J0014,0
S3718,J0017,0
S3718,J0018,0
S3718,J0020,0
S3718,J0021,0
S1674,J0003,1
S1674,J0001,0
S1674,J0004,0
S1674,J0005,0
S1674,J0006,0
S1674,J0008,0
S1674,J0009,0
S1674,J0010,0
S1674,J0011,0
S1674,J0012,0
S1674,J0017,0
S1674,J0018,0
S1674,J0019,0
S1674,J0021,0
S1674,J0023,0
S1674,J0025,0
S1674,J0026,0
S1674,J0028,0
S1674,J0033,0
S1674,J0034,0
S1674,J0035,0
S1674,J0036,0
S1674,J0039,0
S1674,J0042,0
S1674,J0043,0
S1674,J0044,0
S1674,J0048,0
S1674,J0049,0
S1674,J0050,0
S1674,J0051,0
S1674,J0054,0
S1674,J0057,0
S1674,J0058,0
S1674,J0059,0
S1674,J0063,0
S1674,J0066,0
S1674,J0070,0
S1674,J0071,0
S1674,J0072,0
S1674,J0076,0
S1674,J0077,0
S1674,J0080,0
S1674,J0082,0
S1674,J0084,0
S1674,J0086,0
S1674,J0087,0
S1674,J0090,0
S1674,J0092,0
S1674,J0093,0
S1674,J0094,0
S2027,J0036,1
S2027,J0072,0
S2027,J0073,0
S2027,J0074,0
S2027,J0076,0
S2027,J0078,0
S2027,J0081,0
S2027,J0084,0
S2027,J0087,0
S2027,J0091,0
S2027,J0092,0
S2027,J0093,0
S2027,J0094,0
S2027,J0095,0
S2027,J0096,0
S2027,J0097,0
S2027,J0098,0
S2027,J0099,0
S2027,J0100,0
S2027,J0002,0
S2027,J0003,0
S2027,J0004,0
S2027,J0007,0
S2027,J0008,0
S2027,J0014,0
S2027,J0017,0
S2027,J0019,0
S2027,J0021,0
S2027,J0023,0
S2027,J0025,0
S2027,J0026,0
S2027,J0027,0
S2027,J0029,0
S2027,J0030,0
S2027,J0037,0
S2027,J0038,0
S2027,J0039,0
S2027,J0040,0
S2027,J0041,0
S2027,J0042,0
S2027,J0047,0
S2027,J0049,0
S2027,J0051,0
S2027,J0054,0
S2027,J0058,0
S2027,J0059,0
S2027,J0060,0
S2027,J0061,0
S2027,J0062,0
S2027,J0063,0
S3677,J0003,1
S3677,J0075,0
S3677,J0076,0
S3677,J0077,0
S3677,J0080,0
S3677,J0082,0
S3677,J0083,0
S3677,J0086,0
S3677,J0087,0
S3677,J0088,0
S3677,J0090,0
S3677,J0092,0
S3677,J0093,0
S3677,J0095,0
S3677,J0096,0
S3677,J0098,0
S3677,J0099,0
S3677,J0100,0
S3677,J0002,0
S3677,J0005,0
S3677,J0006,0
S3677,J0009,0
S3677,J0012,0
S3677,J0014,0
S3677,J0015,0
S3677,J0016,0
S3677,J0018,0
S3677,J0019,0
S3677,J0020,0
S3677,J0021,0
S3677,J0023,0
S3677,J0027,0
S3677,J0029,0
S3677,J0030,0
S3677,J0031,0
S3677,J0032,0
S3677,J0033,0
S3677,J0034,0
S3677,J0036,0
S3677,J0037,0
S3677,J0038,0
S3677,J0040,0
S3677,J0044,0
S3677,J0045,0
S3677,J0046,0
S3677,J0047,0
S3677,J0049,0
S3677,J0050,0
S3677,J0052,0
S3677,J0055,0
S0469,J0014,1
S0469,J0080,0
S0469,J0081,0
S0469,J0082,0
S0469,J0083,0
S0469,J0084,0
S0469,J0087,0
S0469,J0089,0
S0469,J0090,0
S0469,J0092,0
S0469,J0093,0
S0469,J0094,0
S0469,J0095,0
S0469,J0001,0
S0469,J0002,0
S0469,J0003,0
S0469,J0005,0
S0469,J0007,0
S0469,J0013,0
S0469,J0018,0
S0469,J0019,0
S0469,J0021,0
S0469,J0022,0
S0469,J0027,0
S0469,J0028,0
S0469,J0030,0
S0469,J0033,0
S0469,J0034,0
S0469,J0035,0
S0469,J0036,0
S0469,J0037,0
S0469,J0038,0
S0469,J0040,0
S0469,J0041,0
S0469,J0043,0
S0469,J0044,0
S0469,J0048,0
S0469,J0050,0
S0469,J0051,0
S0469,J0053,0
S0469,J0055,0
S0469,J0058,0
S0469,J0060,0
S0469,J0062,0
S0469,J0063,0
S0469,J0065,0
S0469,J0066,0
S0469,J0069,0
S0469,J0070,0
S0469,J0072,0
S4039,J0029,1
S4039,J0042,0
S4039,J0043,0
S4039,J0044,0
S4039,J0047,0
S4039,J0049,0
S4039,J0050,0
S4039,J0052,0
S4039,J0053,0
S4039,J0054,0
S4039,J0055,0
S4039,J0058,0
S4039,J0059,0
S4039,J0061,0
S4039,J0062,0
S4039,J0063,0
S4039,J0064,0
S4039,J0065,0
S4039,J0068,0
S4039,J0069,0
S4039,J0070,0
S4039,J0071,0
S4039,J0072,0
S4039,J0073,0
S4039,J0077,0
S4039,J0079,0
S4039,J0081,0
S4039,J0082,0
S4039,J0084,0
S4039,J0087,0
S4039,J0092,0
S4039,J0094,0
S4039,J0097,0
S4039,J0098,0
S4039,J0099,0
S4039,J0100,0
S4039,J0001,0
S4039,J0002,0
S4039,J0005,0
S4039,J0007,0
S4039,J0008,0
S4039,J0014,0
S4039,J0015,0
S4039,J0018,0
S4039,J0019,0
S4039,J0021,0
S4039,J0022,0
S4039,J0026,0
S4039,J0027,0
S4039,J0028,0
S4279,J0084,1
S4279,J0002,0
S4279,J0003,0
S4279,J0004,0
S4279,J0005,0
S4279,J0007,0
S4279,J0009,0
S4279,J0011,0
S4279,J0014,0
S4279,J0015,0
S4279,J0017,0
S4279,J0018,0
S4279,J0019,0
S4279,J0020,0
S4279,J0021,0
S4279,J0026,0
S4279,J0027,0
S4279,J0028,0
S4279,J0029,0
S4279,J0030,0
S4279,J0031,0
S4279,J0037,0
S4279,J0038,0
S4279,J0039,0
S4279,J0040,0
S4279,J0043,0
S4279,J0046,0
S4279,J0049,0
S4279,J0050,0
S4279,J0056,0
S4279,J0058,0
S4279,J0060,0
S4279,J0061,0
S4279,J0062,0
S4279,J0064,0
S4279,J0065,0
S4279,J0068,0
S4279,J0071,0
S4279,J0073,0
S4279,J0075,0
S4279,J0080,0
S4279,J0081,0
S4279,J0083,0
S4279,J0086,0
S4279,J0089,0
S4279,J0092,0
S4279,J0093,0
S4279,J0096,0
S4279,J0097,0
S4279,J0099,0
S3880,J0019,1
S3880,J0041,0
S3880,J0043,0
S3880,J0044,0
S3880,J0045,0
S3880,J0049,0
S3880,J0050,0
S3880,J0051,0
S3880,J0052,0
S3880,J0055,0
S3880,J0059,0
S3880,J0060,0
S3880,J0063,0
S3880,J0064,0
S3880,J0066,0
S3880,J0067,0
S3880,J0070,0
S3880,J0071,0
S3880,J0072,0
S3880,J0073,0
S3880,J0077,0
S3880,J0080,0
S3880,J0081,0
S3880,J0083,0
S3880,J0095,0
S3880,J0096,0
S3880,J0099,0
S3880,J0001,0
S3880,J0002,0
S3880,J0003,0
S3880,J0005,0
S3880,J0009,0
S3880,J0010,0
S3880,J0013,0
S3880,J0014,0
S3880,J0017,0
S3880,J0021,0
S3880,J0023,0
S3880,J0025,0
S3880,J0026,0
S3880,J0027,0
S3880,J0028,0
S3880,J0029,0
S3880,J0030,0
S3880,J0032,0
S3880,J0033,0
S3880,J0035,0
S3880,J0036,0
S3880,J0037,0
S3880,J0038,0
S4546,J0072,1
S4546,J0068,0
S4546,J0070,0
S4546,J0071,0
S4546,J0073,0
S4546,J0074,0
S4546,J0075,0
S4546,J0076,0
S4546,J0078,0
S4546,J0080,0
S4546,J0081,0
S4546,J0082,0
S4546,J0085,0
S4546,J0086,0
S4546,J0087,0
S4546,J0088,0
S4546,J0089,0
S4546,J0090,0
S4546,J0093,0
S4546,J0094,0
S4546,J0096,0
S4546,J0097,0
S4546,J0099,0
S4546,J0100,0
S4546,J0002,0
S4546,J0003,0
S4546,J0004,0
S4546,J0007,0
S4546,J0009,0
S4546,J0012,0
S4546,J0014,0
S4546,J0015,0
S4546,J0016,0
S4546,J0017,0
S4546,J0019,0
S4546,J0020,0
S4546,J0021,0
S4546,J0024,0
S4546,J0025,0
S4546,J0026,0
S4546,J0027,0
S4546,J0028,0
S4546,J0029,0
S4546,J0030,0
S4546,J0031,0
S4546,J0032,0
S4546,J0034,0
S4546,J0035,0
S4546,J0040,0
S4546,J0041,0
S4885,J0065,1
S4885,J0026,0
S4885,J0030,0
S4885,J0032,0
S4885,J0034,0
S4885,J0038,0
S4885,J0040,0
S4885,J0041,0
S4885,J0042,0
S4885,J0043,0
S4885,J0044,0
S4885,J0046,0
S4885,J0048,0
S4885,J0050,0
S4885,J0052,0
S4885,J0054,0
S4885,J0055,0
S4885,J0058,0
S4885,J0059,0
S4885,J0060,0
S4885,J0061,0
S4885,J0063,0
S4885,J0064,0
S4885,J0066,0
S4885,J0068,0
S4885,J0070,0
S4885,J0072,0
S4885,J0073,0
S4885,J0075,0
S4885,J0077,0
S4885,J0080,0
S4885,J0081,0
S4885,J0083,0
S4885,J0085,0
S4885,J0089,0
S4885,J0090,0
S4885,J0091,0
S4885,J0092,0
S4885,J0093,0
S4885,J0095,0
S4885,J0097,0
S4885,J0098,0
S4885,J0100,0
S4885,J0001,0
S4885,J0003,0
S4885,J0006,0
S4885,J0009,0
S4885,J0012,0
S4885,J0016,0
S4885,J0017,0
S4980,J0001,1
S4980,J0045,0
S4980,J0046,0
S4980,J0047,0
S4980,J0048,0
S4980,J0049,0
S4980,J0050,0
S4980,J0051,0
S4980,J0052,0
S4980,J0053,0
S4980,J0055,0
S4980,J0056,0
S4980,J0058,0
S4980,J0059,0
S4980,J0060,0
S4980,J0062,0
S4980,J0063,0
S4980,J0064,0
S4980,J0065,0
S4980,J0066,0
S4980,J0067,0
S4980,J0070,0
S4980,J0071,0
S4980,J0074,0
S4980,J0077,0
S4980,J0080,0
S4980,J0081,0
S4980,J0082,0
S4980,J0083,0
S4980,J0084,0
S4980,J0087,0
S4980,J0089,0
S4980,J0090,0
S4980,J0094,0
S4980,J0095,0
S4980,J0096,0
S4980,J0097,0
S4980,J0099,0
S4980,J0100,0
S4980,J0002,0
S4980,J0003,0
S4980,J0007,0
S4980,J0010,0
S4980,J0011,0
S4980,J0012,0
S4980,J0013,0
S4980,J0014,0
S4980,J0015,0
S4980,J0016,0
S4980,J0017,0
S2918,J0018,1
S2918,J0088,0
S2918,J0089,0
S2918,J0091,0
S2918,J0092,0
S2918,J0093,0
S2918,J0094,0
S2918,J0095,0
S2918,J0096,0
S2918,J0097,0
S2918,J0098,0
S2918,J0099,0
S2918,J0100,0
S2918,J0002,0
S2918,J0003,0
S2918,J0004,0
S2918,J0007,0
S2918,J0009,0
S2918,J0011,0
S2918,J0014,0
S2918,J0016,0
S2918,J0017,0
S2918,J0020,0
S2918,J0021,0
S2918,J0023,0
S2918,J0024,0
S2918,J0025,0
S2918,J0026,0
S2918,J0027,0
S2918,J0028,0
S2918,J0029,0
S2918,J0032,0
S2918,J0034,0
S2918,J0035,0
S2918,J0036,0
S2918,J0038,0
S2918,J0040,0
S2918,J0043,0
S2918,J0045,0
S2918,J0046,0
S2918,J0048,0
S2918,J0054,0
S2918,J0058,0
S2918,J0059,0
S2918,J0062,0
S2918,J0064,0
S2918,J0065,0
S2918,J0067,0
S2918,J0069,0
S2918,J0070,0
S1277,J0005,1
S1277,J0082,0
S1277,J0083,0
S1277,J0084,0
S1277,J0085,0
S1277,J0086,0
S1277,J0087,0
S1277,J0088,0
S1277,J0092,0
S1277,J0093,0
S1277,J0099,0
S1277,J0001,0
S1277,J0002,0
S1277,J0003,0
S1277,J0010,0
S1277,J0011,0
S1277,J0012,0
S1277,J0014,0
S1277,J0016,0
S1277,J0017,0
S1277,J0019,0
S1277,J0021,0
S1277,J0023,0
S1277,J0025,0
S1277,J0028,0
S1277,J0029,0
S1277,J0030,0
S1277,J0034,0
S1277,J0035,0
S1277,J0036,0
S1277,J0038,0
S1277,J0040,0
S1277,J0041,0
S1277,J0042,0
S1277,J0043,0
S1277,J0044,0
S1277,J0045,0
S1277,J0046,0
S1277,J0047,0
S1277,J0050,0
S1277,J0054,0
S1277,J0059,0
S1277,J0061,0
S1277,J0064,0
S1277,J0065,0
S1277,J0066,0
S1277,J0067,0
S1277,J0068,0
S1277,J0069,0
S1277,J0071,0
S3662,J0048,1
S3662,J0075,0
S3662,J0076,0
S3662,J0077,0
S3662,J0078,0
S3662,J0080,0
S3662,J0082,0
S3662,J0087,0
S3662,J0088,0
S3662,J0090,0
S3662,J0092,0
S3662,J0093,0
S3662,J0095,0
S3662,J0096,0
S3662,J0099,0
S3662,J0001,0
S3662,J0002,0
S3662,J0004,0
S3662,J0005,0
S3662,J0006,0
S3662,J0008,0
S3662,J0009,0
S3662,J0010,0
S3662,J0011,0
S3662,J0014,0
S3662,J0015,0
S3662,J0016,0
S3662,J0021,0
S3662,J0023,0
S3662,J0024,0
S3662,J0027,0
S3662,J0029,0
S3662,J0031,0
S3662,J0032,0
S3662,J0033,0
S3662,J0034,0
S3662,J0036,0
S3662,J0037,0
S3662,J0039,0
S3662,J0040,0
S3662,J0041,0
S3662,J0043,0
S3662,J0044,0
S3662,J0046,0
S3662,J0047,0
S3662,J0049,0
S3662,J0050,0
S3662,J0051,0
S3662,J0052,0
S3662,J0054,0
S2365,J0024,1
S2365,J0078,0
S2365,J0080,0
S2365,J0082,0
S2365,J0084,0
S2365,J0085,0
S2365,J0086,0
S2365,J0088,0
S2365,J0089,0
S2365,J0090,0
S2365,J0091,0
S2365,J0093,0
S2365,J0095,0
S2365,J0096,0
S2365,J0097,0
S2365,J0099,0
S2365,J0001,0
S2365,J0003,0
S2365,J0004,0
S2365,J0005,0
S2365,J0008,0
S2365,J0009,0
S2365,J0010,0
S2365,J0011,0
S2365,J0012,0
S2365,J0013,0
S2365,J0014,0
S2365,J0015,0
S2365,J0016,0
S2365,J0019,0
S2365,J0020,0
S2365,J0021,0
S2365,J0023,0
S2365,J0025,0
S2365,J0026,0
S2365,J0027,0
S2365,J0028,0
S2365,J0029,0
S2365,J0031,0
S2365,J0032,0
S2365,J0033,0
S2365,J0034,0
S2365,J0036,0
S2365,J0038,0
S2365,J0041,0
S2365,J0042,0
S2365,J0043,0
S2365,J0044,0
S2365,J0045,0
S2365,J0046,0
S0950,J0033,1
S0950,J0043,0
S0950,J0044,0
S0950,J0045,0
S0950,J0047,0
S0950,J0048,0
S0950,J0052,0
S0950,J0055,0
S0950,J0057,0
S0950,J0059,0
S0950,J0060,0
S0950,J0061,0
S0950,J0063,0
S0950,J0065,0
S0950,J0067,0
S0950,J0068,0
S0950,J0070,0
S0950,J0071,0
S0950,J0072,0
S0950,J0074,0
S0950,J0075,0
S0950,J0076,0
S0950,J0077,0
S0950,J0080,0
S0950,J0081,0
S0950,J0083,0
S0950,J0084,0
S0950,J0086,0
S0950,J0087,0
S0950,J0089,0
S0950,J0092,0
S0950,J0093,0
S0950,J0096,0
S0950,J0097,0
S0950,J0099,0
S0950,J0100,0
S0950,J0001,0
S0950,J0002,0
S0950,J0006,0
S0950,J0010,0
S0950,J0014,0
S0950,J0015,0
S0950,J0016,0
S0950,J0017,0
S0950,J0018,0
S0950,J0019,0
S0950,J0020,0
S0950,J0023,0
S0950,J0025,0
S0950,J0026,0
S1127,J0071,1
S1127,J0070,0
S1127,J0072,0
S1127,J0073,0
S1127,J0075,0
S1127,J0076,0
S1127,J0077,0
S1127,J0078,0
S1127,J0079,0
S1127,J0080,0
S1127,J0087,0
S1127,J0090,0
S1127,J0092,0
S1127,J0094,0
S1127,J0099,0
S1127,J0002,0
S1127,J0003,0
S1127,J0009,0
S1127,J0010,0
S1127,J0011,0
S1127,J0012,0
S1127,J0015,0
S1127,J0019,0
S1127,J0022,0
S1127,J0025,0
S1127,J0027,0
S1127,J0030,0
S1127,J0031,0
S1127,J0032,0
S1127,J0033,0
S1127,J0034,0
S1127,J0035,0
S1127,J0037,0
S1127,J0039,0
S1127,J0041,0
S1127,J0042,0
S1127,J0044,0
S1127,J0045,0
S1127,J0047,0
S1127,J0048,0
S1127,J0049,0
S1127,J0050,0
S1127,J0051,0
S1127,J0053,0
S1127,J0055,0
S1127,J0057,0
S1127,J0058,0
S1127,J0060,0
S1127,J0061,0
S1127,J0063,0
S1584,J0008,1
S1584,J0094,0
S1584,J0095,0
S1584,J0097,0
S1584,J0099,0
S1584,J0100,0
S1584,J0001,0
S1584,J0002,0
S1584,J0003,0
S1584,J0005,0
S1584,J0009,0
S1584,J0011,0
S1584,J0014,0
S1584,J0017,0
S1584,J0018,0
S1584,J0019,0
S1584,J0020,0
S1584,J0021,0
S1584,J0024,0
S1584,J0025,0
S1584,J0028,0
S1584,J0029,0
S1584,J0032,0
S1584,J0036,0
S1584,J0038,0
S1584,J0041,0
S1584,J0046,0
S1584,J0048,0
S1584,J0050,0
S1584,J0052,0
S1584,J0054,0
S1584,J0059,0
S1584,J0060,0
S1584,J0061,0
S1584,J0064,0
S1584,J0065,0
S1584,J0066,0
S1584,J0068,0
S1584,J0069,0
S1584,J0070,0
S1584,J0071,0
S1584,J0073,0
S1584,J0074,0
S1584,J0075,0
S1584,J0077,0
S1584,J0081,0
S1584,J0082,0
S1584,J0083,0
S1584,J0084,0
S1584,J0086,0
S2206,J0010,1
S2206,J0058,0
S2206,J0059,0
S2206,J0064,0
S2206,J0065,0
S2206,J0066,0
S2206,J0067,0
S2206,J0070,0
S2206,J0074,0
S2206,J0077,0
S2206,J0079,0
S2206,J0080,0
S2206,J0083,0
S2206,J0085,0
S2206,J0086,0
S2206,J0087,0
S2206,J0088,0
S2206,J0092,0
S2206,J0095,0
S2206,J0098,0
S2206,J0099,0
S2206,J0100,0
S2206,J0001,0
S2206,J0002,0
S2206,J0005,0
S2206,J0008,0
S2206,J0013,0
S2206,J0015,0
S2206,J0016,0
S2206,J0017,0
S2206,J0018,0
S2206,J0020,0
S2206,J0021,0
S2206,J0022,0
S2206,J0023,0
S2206,J0024,0
S2206,J0025,0
S2206,J0027,0
S2206,J0028,0
S2206,J0030,0
S2206,J0031,0
S2206,J0032,0
S2206,J0036,0
S2206,J0037,0
S2206,J0039,0
S2206,J0040,0
S2206,J0042,0
S2206,J0043,0
S2206,J0044,0
S2206,J0045,0
S0661,J0096,1
S0661,J0041,0
S0661,J0042,0
S0661,J0043,0
S0661,J0044,0
S0661,J0045,0
S0661,J0046,0
S0661,J0047,0
S0661,J0048,0
S0661,J0050,0
S0661,J0051,0
S0661,J0052,0
S0661,J0057,0
S0661,J0061,0
S0661,J0062,0
S0661,J0064,0
S0661,J0066,0
S0661,J0067,0
S0661,J0068,0
S0661,J0069,0
S0661,J0072,0
S0661,J0073,0
S0661,J0075,0
S0661,J0076,0
S0661,J0077,0
S0661,J0079,0
S0661,J0080,0
S0661,J0084,0
S0661,J0085,0
S0661,J0086,0
S0661,J0087,0
S0661,J0088,0
S0661,J0092,0
S0661,J0093,0
S0661,J0098,0
S0661,J0002,0
S0661,J0003,0
S0661,J0004,0
S0661,J0006,0
S0661,J0007,0
S0661,J0008,0
S0661,J0009,0
S0661,J0015,0
S0661,J0016,0
S0661,J0017,0
S0661,J0018,0
S0661,J0020,0
S0661,J0023,0
S0661,J0024,0
S0661,J0026,0
S4794,J0028,1
S4794,J0070,0
S4794,J0072,0
S4794,J0073,0
S4794,J0075,0
S4794,J0076,0
S4794,J0077,0
S4794,J0078,0
S4794,J0079,0
S4794,J0084,0
S4794,J0088,0
S4794,J0090,0
S4794,J0091,0
S4794,J0095,0
S4794,J0098,0
S4794,J0099,0
S4794,J0100,0
S4794,J0001,0
S4794,J0002,0
S4794,J0003,0
S4794,J0004,0
S4794,J0005,0
S4794,J0008,0
S4794,J0009,0
S4794,J0010,0
S4794,J0011,0
S4794,J0012,0
S4794,J0013,0
S4794,J0015,0
S4794,J0018,0
S4794,J0019,0
S4794,J0022,0
S4794,J0023,0
S4794,J0024,0
S4794,J0025,0
S4794,J0026,0
S4794,J0029,0
S4794,J0030,0
S4794,J0031,0
S4794,J0032,0
S4794,J0034,0
S4794,J0035,0
S4794,J0039,0
S4794,J0040,0
S4794,J0042,0
S4794,J0043,0
S4794,J0045,0
S4794,J0046,0
S4794,J0047,0
S4794,J0048,0
S0661,J0005,1
S0661,J0004,0
S0661,J0006,0
S0661,J0007,0
S0661,J0008,0
S0661,J0009,0
S0661,J0015,0
S0661,J0016,0
S0661,J0017,0
S0661,J0018,0
S0661,J0020,0
S0661,J0023,0
S0661,J0024,0
S0661,J0026,0
S0661,J0028,0
S0661,J0030,0
S0661,J0031,0
S0661,J0032,0
S0661,J0035,0
S0661,J0036,0
S0661,J0041,0
S0661,J0042,0
S0661,J0043,0
S0661,J0044,0
S0661,J0045,0
S0661,J0046,0
S0661,J0047,0
S0661,J0048,0
S0661,J0050,0
S0661,J0051,0
S0661,J0052,0
S0661,J0057,0
S0661,J0061,0
S0661,J0062,0
S0661,J0064,0
S0661,J0066,0
S0661,J0067,0
S0661,J0068,0
S0661,J0069,0
S0661,J0072,0
S0661,J0073,0
S0661,J0075,0
S0661,J0076,0
S0661,J0077,0
S0661,J0079,0
S0661,J0080,0
S0661,J0084,0
S0661,J0085,0
S0661,J0086,0
S0661,J0087,0
S4947,J0038,1
S4947,J0048,0
S4947,J0049,0
S4947,J0051,0
S4947,J0053,0
S4947,J0056,0
S4947,J0057,0
S4947,J0060,0
S4947,J0061,0
S4947,J0062,0
S4947,J0064,0
S4947,J0067,0
S4947,J0068,0
S4947,J0069,0
S4947,J0071,0
S4947,J0075,0
S4947,J0076,0
S4947,J0078,0
S4947,J0088,0
S4947,J0090,0
S4947,J0091,0
S4947,J0092,0
S4947,J0095,0
S4947,J0003,0
S4947,J0004,0
S4947,J0008,0
S4947,J0009,0
S4947,J0012,0
S4947,J0013,0
S4947,J0014,0
S4947,J0015,0
S4947,J0016,0
S4947,J0017,0
S4947,J0019,0
S4947,J0021,0
S4947,J0022,0
S4947,J0023,0
S4947,J0024,0
S4947,J0025,0
S4947,J0026,0
S4947,J0028,0
S4947,J0031,0
S4947,J0032,0
S4947,J0034,0
S4947,J0037,0
S4947,J0039,0
S4947,J0041,0
S4947,J0042,0
S4947,J0044,0
S4947,J0045,0
S4047,J0049,1
S4047,J0076,0
S4047,J0077,0
S4047,J0080,0
S4047,J0084,0
S4047,J0085,0
S4047,J0086,0
S4047,J0087,0
S4047,J0088,0
S4047,J0089,0
S4047,J0092,0
S4047,J0095,0
S4047,J0096,0
S4047,J0001,0
S4047,J0002,0
S4047,J0005,0
S4047,J0010,0
S4047,J0012,0
S4047,J0015,0
S4047,J0016,0
S4047,J0017,0
S4047,J0019,0
S4047,J0020,0
S4047,J0021,0
S4047,J0023,0
S4047,J0024,0
S4047,J0025,0
S4047,J0026,0
S4047,J0031,0
S4047,J0033,0
S4047,J0034,0
S4047,J0035,0
S4047,J0038,0
S4047,J0041,0
S4047,J0043,0
S4047,J0044,0
S4047,J0045,0
S4047,J0046,0
S4047,J0054,0
S4047,J0057,0
S4047,J0058,0
S4047,J0059,0
S4047,J0060,0
S4047,J0061,0
S4047,J0063,0
S4047,J0066,0
S4047,J0067,0
S4047,J0068,0
S4047,J0069,0
S4047,J0070,0
S0054,J0066,1
S0054,J0029,0
S0054,J0030,0
S0054,J0031,0
S0054,J0033,0
S0054,J0034,0
S0054,J0035,0
S0054,J0036,0
S0054,J0037,0
S0054,J0038,0
S0054,J0039,0
S0054,J0040,0
S0054,J0042,0
S0054,J0044,0
S0054,J0045,0
S0054,J0047,0
S0054,J0049,0
S0054,J0053,0
S0054,J0055,0
S0054,J0056,0
S0054,J0057,0
S0054,J0058,0
S0054,J0059,0
S0054,J0061,0
S0054,J0062,0
S0054,J0063,0
S0054,J0064,0
S0054,J0065,0
S0054,J0067,0
S0054,J0068,0
S0054,J0069,0
S0054,J0070,0
S0054,J0071,0
S0054,J0072,0
S0054,J0073,0
S0054,J0074,0
S0054,J0075,0
S0054,J0076,0
S0054,J0078,0
S0054,J0079,0
S0054,J0080,0
S0054,J0081,0
S0054,J0083,0
S0054,J0087,0
S0054,J0089,0
S0054,J0097,0
S0054,J0099,0
S0054,J0100,0
S0054,J0001,0
S0054,J0002,0
S3677,J0061,1
S3677,J0086,0
S3677,J0087,0
S3677,J0088,0
S3677,J0090,0
S3677,J0092,0
S3677,J0093,0
S3677,J0095,0
S3677,J0096,0
S3677,J0098,0
S3677,J0099,0
S3677,J0100,0
S3677,J0002,0
S3677,J0005,0
S3677,J0006,0
S3677,J0009,0
S3677,J0012,0
S3677,J0014,0
S3677,J0015,0
S3677,J0016,0
S3677,J0018,0
S3677,J0019,0
S3677,J0020,0
S3677,J0021,0
S3677,J0023,0
S3677,J0027,0
S3677,J0029,0
S3677,J0030,0
S3677,J0031,0
S3677,J0032,0
S3677,J0033,0
S3677,J0034,0
S3677,J0036,0
S3677,J0037,0
S3677,J0038,0
S3677,J0040,0
S3677,J0044,0
S3677,J0045,0
S3677,J0046,0
S3677,J0047,0
S3677,J0049,0
S3677,J0050,0
S3677,J0052,0
S3677,J0055,0
S3677,J0057,0
S3677,J0058,0
S3677,J0063,0
S3677,J0065,0
S3677,J0066,0
S3677,J0067,0
S3354,J0044,1
S3354,J0094,0
S3354,J0095,0
S3354,J0096,0
S3354,J0097,0
S3354,J0099,0
S3354,J0100,0
S3354,J0004,0
S3354,J0007,0
S3354,J0008,0
S3354,J0009,0
S3354,J0011,0
S3354,J0014,0
S3354,J0015,0
S3354,J0023,0
S3354,J0025,0
S3354,J0026,0
S3354,J0027,0
S3354,J0028,0
S3354,J0029,0
S3354,J0030,0
S3354,J0031,0
S3354,J0032,0
S3354,J0034,0
S3354,J0036,0
S3354,J0037,0
S3354,J0039,0
S3354,J0040,0
S3354,J0041,0
S3354,J0045,0
S3354,J0046,0
S3354,J0049,0
S3354,J0053,0
S3354,J0054,0
S3354,J0055,0
S3354,J0058,0
S3354,J0059,0
S3354,J0061,0
S3354,J0062,0
S3354,J0064,0
S3354,J0065,0
S3354,J0067,0
S3354,J0068,0
S3354,J0069,0
S3354,J0071,0
S3354,J0073,0
S3354,J0075,0
S3354,J0076,0
S3354,J0081,0
S3354,J0082,0
S1217,J0023,1
S1217,J0085,0
S1217,J0086,0
S1217,J0087,0
S1217,J0093,0
S1217,J0096,0
S1217,J0098,0
S1217,J0099,0
S1217,J0100,0
S1217,J0001,0
S1217,J0004,0
S1217,J0005,0
S1217,J0006,0
S1217,J0010,0
S1217,J0014,0
S1217,J0016,0
S1217,J0017,0
S1217,J0020,0
S1217,J0021,0
S1217,J0024,0
S1217,J0026,0
S1217,J0029,0
S1217,J0035,0
S1217,J0038,0
S1217,J0040,0
S1217,J0041,0
S1217,J0042,0
S1217,J0043,0
S1217,J0044,0
S1217,J0045,0
S1217,J0047,0
S1217,J0048,0
S1217,J0050,0
S1217,J0051,0
S1217,J0053,0
S1217,J0054,0
S1217,J0055,0
S1217,J0056,0
S1217,J0057,0
S1217,J0058,0
S1217,J0059,0
S1217,J0060,0
S1217,J0065,0
S1217,J0066,0
S1217,J0067,0
S1217,J0071,0
S1217,J0074,0
S1217,J0078,0
S1217,J0080,0
S1217,J0082,0
S3485,J0089,1
S3485,J0082,0
S3485,J0083,0
S3485,J0087,0
S3485,J0092,0
S3485,J0093,0
S3485,J0100,0
S3485,J0002,0
S3485,J0003,0
S3485,J0004,0
S3485,J0007,0
S3485,J0009,0
S3485,J0012,0
S3485,J0013,0
S3485,J0014,0
S3485,J0017,0
S3485,J0019,0
S3485,J0020,0
S3485,J0021,0
S3485,J0023,0
S3485,J0024,0
S3485,J0025,0
S3485,J0026,0
S3485,J0027,0
S3485,J0029,0
S3485,J0034,0
S3485,J0035,0
S3485,J0037,0
S3485,J0039,0
S3485,J0040,0
S3485,J0041,0
S3485,J0042,0
S3485,J0043,0
S3485,J0044,0
S3485,J0045,0
S3485,J0047,0
S3485,J0049,0
S3485,J0053,0
S3485,J0054,0
S3485,J0055,0
S3485,J0060,0
S3485,J0062,0
S3485,J0064,0
S3485,J0065,0
S3485,J0067,0
S3485,J0069,0
S3485,J0070,0
S3485,J0072,0
S3485,J0074,0
S3485,J0076,0
S1397,J0037,1
S1397,J0024,0
S1397,J0027,0
S1397,J0028,0
S1397,J0029,0
S1397,J0030,0
S1397,J0031,0
S1397,J0032,0
S1397,J0034,0
S1397,J0038,0
S1397,J0039,0
S1397,J0041,0
S1397,J0042,0
S1397,J0044,0
S1397,J0046,0
S1397,J0047,0
S1397,J0048,0
S1397,J0049,0
S1397,J0050,0
S1397,J0053,0
S1397,J0055,0
S1397,J0056,0
S1397,J0057,0
S1397,J0059,0
S1397,J0060,0
S1397,J0062,0
S1397,J0064,0
S1397,J0065,0
S1397,J0067,0
S1397,J0068,0
S1397,J0069,0
S1397,J0070,0
S1397,J0071,0
S1397,J0072,0
S1397,J0074,0
S1397,J0076,0
S1397,J0077,0
S1397,J0078,0
S1397,J0081,0
S1397,J0082,0
S1397,J0083,0
S1397,J0085,0
S1397,J0086,0
S1397,J0088,0
S1397,J0089,0
S1397,J0090,0
S1397,J0091,0
S1397,J0092,0
S1397,J0095,0
S1397,J0096,0
